business_name,phone,category,address,website,contact_name
Glow Studio Salon,+911140001001,Salon,"12 Aurobindo Market, Hauz Khas, New Delhi",https://example.com/glowstudio,Ritu
Bean & Brew,+911140001002,Cafe,"7 Green Park Main Market, New Delhi",,Arjun
SmileCare Dental,+911140001003,Dental Clinic,"Plot 44, Saket District Centre, New Delhi",https://example.com/smilecare,Dr. Mehra
Iron House Gym,+911140001004,Gym,"B-3 Malviya Nagar, New Delhi",,Karan
Anaya Boutique,+911140001005,Boutique,"Central Market, Lajpat Nagar II, New Delhi",,Anaya
Sugar & Spice Bakery,+911140001006,Bakery,"D-8 Defence Colony Market, New Delhi",https://example.com/sugarspice,Neha
Tandoor Tales,+911140001007,Restaurant,"Sector B, Vasant Kunj, New Delhi",,Vikram
Aroma Spa,+911140001008,Spa,"M-Block Market, Greater Kailash I, New Delhi",,Priya
Pixel Perfect Studio,+911140001009,Photography Studio,"Shahpur Jat, New Delhi",https://example.com/pixelperfect,Rohan
Green Leaf Nursery,+911140001010,Plant Nursery,"Chhatarpur Road, New Delhi",,Suresh
